kind	class	method	param	index	uri	field
METHOD	com.badlogic.gdx.graphics.g2d.TextureRegion	setRegion(float,float,float,float)	null	null	/Users/nima/Developer/NullAwayFixer/Projects/libgdx/gdx/src/com/badlogic/gdx/graphics/g2d/TextureRegion.java	regionWidth
METHOD	com.badlogic.gdx.graphics.Pixmap	setBlending(com.badlogic.gdx.graphics.Pixmap.Blending)	null	null	/Users/nima/Developer/NullAwayFixer/Projects/libgdx/gdx/src/com/badlogic/gdx/graphics/Pixmap.java	blending
METHOD	com.badlogic.gdx.graphics.Pixmap	setFilter(com.badlogic.gdx.graphics.Pixmap.Filter)	null	null	/Users/nima/Developer/NullAwayFixer/Projects/libgdx/gdx/src/com/badlogic/gdx/graphics/Pixmap.java	filter
METHOD	com.badlogic.gdx.graphics.GLTexture	setWrap(com.badlogic.gdx.graphics.Texture.TextureWrap,com.badlogic.gdx.graphics.Texture.TextureWrap)	null	null	/Users/nima/Developer/NullAwayFixer/Projects/libgdx/gdx/src/com/badlogic/gdx/graphics/GLTexture.java	uWrap
METHOD	com.badlogic.gdx.graphics.GLTexture	setWrap(com.badlogic.gdx.graphics.Texture.TextureWrap,com.badlogic.gdx.graphics.Texture.TextureWrap)	null	null	/Users/nima/Developer/NullAwayFixer/Projects/libgdx/gdx/src/com/badlogic/gdx/graphics/GLTexture.java	vWrap
METHOD	com.badlogic.gdx.graphics.GLTexture	setFilter(com.badlogic.gdx.graphics.Texture.TextureFilter,com.badlogic.gdx.graphics.Texture.TextureFilter)	null	null	/Users/nima/Developer/NullAwayFixer/Projects/libgdx/gdx/src/com/badlogic/gdx/graphics/GLTexture.java	minFilter
METHOD	com.badlogic.gdx.graphics.GLTexture	setFilter(com.badlogic.gdx.graphics.Texture.TextureFilter,com.badlogic.gdx.graphics.Texture.TextureFilter)	null	null	/Users/nima/Developer/NullAwayFixer/Projects/libgdx/gdx/src/com/badlogic/gdx/graphics/GLTexture.java	magFilter
METHOD	com.badlogic.gdx.graphics.GLTexture	delete()	null	null	/Users/nima/Developer/NullAwayFixer/Projects/libgdx/gdx/src/com/badlogic/gdx/graphics/GLTexture.java	glHandle
METHOD	com.badlogic.gdx.utils.ObjectSet	clear()	null	null	/Users/nima/Developer/NullAwayFixer/Projects/libgdx/gdx/src/com/badlogic/gdx/utils/ObjectSet.java	size
METHOD	com.badlogic.gdx.utils.ObjectSet	resize(int)	null	null	/Users/nima/Developer/NullAwayFixer/Projects/libgdx/gdx/src/com/badlogic/gdx/utils/ObjectSet.java	keyTable
METHOD	com.badlogic.gdx.utils.ObjectSet$ObjectSetIterator	remove()	null	null	/Users/nima/Developer/NullAwayFixer/Projects/libgdx/gdx/src/com/badlogic/gdx/utils/ObjectSet.java	currentIndex
METHOD	com.badlogic.gdx.utils.ObjectMap	clear()	null	null	/Users/nima/Developer/NullAwayFixer/Projects/libgdx/gdx/src/com/badlogic/gdx/utils/ObjectMap.java	size
METHOD	com.badlogic.gdx.utils.ObjectMap	resize(int)	null	null	/Users/nima/Developer/NullAwayFixer/Projects/libgdx/gdx/src/com/badlogic/gdx/utils/ObjectMap.java	keyTable
METHOD	com.badlogic.gdx.utils.ObjectMap	resize(int)	null	null	/Users/nima/Developer/NullAwayFixer/Projects/libgdx/gdx/src/com/badlogic/gdx/utils/ObjectMap.java	valueTable
METHOD	com.badlogic.gdx.utils.ObjectMap$MapIterator	remove()	null	null	/Users/nima/Developer/NullAwayFixer/Projects/libgdx/gdx/src/com/badlogic/gdx/utils/ObjectMap.java	currentIndex
METHOD	com.badlogic.gdx.assets.AssetManager	setLogger(com.badlogic.gdx.utils.Logger)	null	null	/Users/nima/Developer/NullAwayFixer/Projects/libgdx/gdx/src/com/badlogic/gdx/assets/AssetManager.java	log
METHOD	com.badlogic.gdx.utils.Array	insertRange(int,int)	null	null	/Users/nima/Developer/NullAwayFixer/Projects/libgdx/gdx/src/com/badlogic/gdx/utils/Array.java	items
METHOD	com.badlogic.gdx.utils.Array	resize(int)	null	null	/Users/nima/Developer/NullAwayFixer/Projects/libgdx/gdx/src/com/badlogic/gdx/utils/Array.java	items
METHOD	com.badlogic.gdx.graphics.g2d.Gdx2DPixmap	convert(int)	null	null	/Users/nima/Developer/NullAwayFixer/Projects/libgdx/gdx/src/com/badlogic/gdx/graphics/g2d/Gdx2DPixmap.java	nativeData
METHOD	com.badlogic.gdx.graphics.g2d.Gdx2DPixmap	convert(int)	null	null	/Users/nima/Developer/NullAwayFixer/Projects/libgdx/gdx/src/com/badlogic/gdx/graphics/g2d/Gdx2DPixmap.java	pixelPtr
METHOD	com.badlogic.gdx.graphics.VertexAttributes	getMask()	null	null	/Users/nima/Developer/NullAwayFixer/Projects/libgdx/gdx/src/com/badlogic/gdx/graphics/VertexAttributes.java	mask
METHOD	com.badlogic.gdx.graphics.g2d.SpriteBatch	flush()	null	null	/Users/nima/Developer/NullAwayFixer/Projects/libgdx/gdx/src/com/badlogic/gdx/graphics/g2d/SpriteBatch.java	idx
METHOD	com.badlogic.gdx.graphics.g2d.SpriteBatch	setBlendFunctionSeparate(int,int,int,int)	null	null	/Users/nima/Developer/NullAwayFixer/Projects/libgdx/gdx/src/com/badlogic/gdx/graphics/g2d/SpriteBatch.java	blendSrcFunc
METHOD	com.badlogic.gdx.graphics.g2d.NinePatch	load(com.badlogic.gdx.graphics.g2d.TextureRegion[])	null	null	/Users/nima/Developer/NullAwayFixer/Projects/libgdx/gdx/src/com/badlogic/gdx/graphics/g2d/NinePatch.java	vertices
METHOD	com.badlogic.gdx.graphics.glutils.ShaderProgram	compileShaders(java.lang.String,java.lang.String)	null	null	/Users/nima/Developer/NullAwayFixer/Projects/libgdx/gdx/src/com/badlogic/gdx/graphics/glutils/ShaderProgram.java	vertexShaderHandle
METHOD	com.badlogic.gdx.utils.ObjectIntMap	clear()	null	null	/Users/nima/Developer/NullAwayFixer/Projects/libgdx/gdx/src/com/badlogic/gdx/utils/ObjectIntMap.java	size
METHOD	com.badlogic.gdx.utils.ObjectIntMap	resize(int)	null	null	/Users/nima/Developer/NullAwayFixer/Projects/libgdx/gdx/src/com/badlogic/gdx/utils/ObjectIntMap.java	keyTable
METHOD	com.badlogic.gdx.utils.ObjectIntMap	resize(int)	null	null	/Users/nima/Developer/NullAwayFixer/Projects/libgdx/gdx/src/com/badlogic/gdx/utils/ObjectIntMap.java	valueTable
METHOD	com.badlogic.gdx.utils.ObjectIntMap$MapIterator	remove()	null	null	/Users/nima/Developer/NullAwayFixer/Projects/libgdx/gdx/src/com/badlogic/gdx/utils/ObjectIntMap.java	currentIndex
METHOD	com.badlogic.gdx.utils.IntArray	insertRange(int,int)	null	null	/Users/nima/Developer/NullAwayFixer/Projects/libgdx/gdx/src/com/badlogic/gdx/utils/IntArray.java	items
METHOD	com.badlogic.gdx.utils.IntArray	resize(int)	null	null	/Users/nima/Developer/NullAwayFixer/Projects/libgdx/gdx/src/com/badlogic/gdx/utils/IntArray.java	items
METHOD	com.badlogic.gdx.maps.MapObject	setColor(com.badlogic.gdx.graphics.Color)	null	null	/Users/nima/Developer/NullAwayFixer/Projects/libgdx/gdx/src/com/badlogic/gdx/maps/MapObject.java	color
METHOD	com.badlogic.gdx.utils.IntMap	clear()	null	null	/Users/nima/Developer/NullAwayFixer/Projects/libgdx/gdx/src/com/badlogic/gdx/utils/IntMap.java	size
METHOD	com.badlogic.gdx.utils.IntMap	resize(int)	null	null	/Users/nima/Developer/NullAwayFixer/Projects/libgdx/gdx/src/com/badlogic/gdx/utils/IntMap.java	keyTable
METHOD	com.badlogic.gdx.utils.IntMap	resize(int)	null	null	/Users/nima/Developer/NullAwayFixer/Projects/libgdx/gdx/src/com/badlogic/gdx/utils/IntMap.java	valueTable
METHOD	com.badlogic.gdx.maps.tiled.tiles.AnimatedTiledMapTile	setBlendMode(com.badlogic.gdx.maps.tiled.TiledMapTile.BlendMode)	null	null	/Users/nima/Developer/NullAwayFixer/Projects/libgdx/gdx/src/com/badlogic/gdx/maps/tiled/tiles/AnimatedTiledMapTile.java	blendMode
METHOD	com.badlogic.gdx.maps.tiled.tiles.AnimatedTiledMapTile	setAnimationIntervals(int[])	null	null	/Users/nima/Developer/NullAwayFixer/Projects/libgdx/gdx/src/com/badlogic/gdx/maps/tiled/tiles/AnimatedTiledMapTile.java	animationIntervals
METHOD	com.badlogic.gdx.maps.tiled.tiles.StaticTiledMapTile	setBlendMode(com.badlogic.gdx.maps.tiled.TiledMapTile.BlendMode)	null	null	/Users/nima/Developer/NullAwayFixer/Projects/libgdx/gdx/src/com/badlogic/gdx/maps/tiled/tiles/StaticTiledMapTile.java	blendMode
METHOD	com.badlogic.gdx.utils.StringBuilder	enlargeBuffer(int)	null	null	/Users/nima/Developer/NullAwayFixer/Projects/libgdx/gdx/src/com/badlogic/gdx/utils/StringBuilder.java	chars
METHOD	com.badlogic.gdx.utils.StringBuilder	move(int,int)	null	null	/Users/nima/Developer/NullAwayFixer/Projects/libgdx/gdx/src/com/badlogic/gdx/utils/StringBuilder.java	chars
METHOD	com.badlogic.gdx.utils.StringBuilder	trimToSize()	null	null	/Users/nima/Developer/NullAwayFixer/Projects/libgdx/gdx/src/com/badlogic/gdx/utils/StringBuilder.java	chars
METHOD	com.badlogic.gdx.maps.tiled.renderers.BatchTiledMapRenderer	setMap(com.badlogic.gdx.maps.tiled.TiledMap)	null	null	/Users/nima/Developer/NullAwayFixer/Projects/libgdx/gdx/src/com/badlogic/gdx/maps/tiled/renderers/BatchTiledMapRenderer.java	map
METHOD	com.badlogic.gdx.maps.tiled.renderers.IsometricTiledMapRenderer	init()	null	null	/Users/nima/Developer/NullAwayFixer/Projects/libgdx/gdx/src/com/badlogic/gdx/maps/tiled/renderers/IsometricTiledMapRenderer.java	isoTransform
METHOD	com.badlogic.gdx.maps.tiled.renderers.IsometricTiledMapRenderer	init()	null	null	/Users/nima/Developer/NullAwayFixer/Projects/libgdx/gdx/src/com/badlogic/gdx/maps/tiled/renderers/IsometricTiledMapRenderer.java	invIsotransform
METHOD	com.badlogic.gdx.maps.objects.PolygonMapObject	setPolygon(com.badlogic.gdx.math.Polygon)	null	null	/Users/nima/Developer/NullAwayFixer/Projects/libgdx/gdx/src/com/badlogic/gdx/maps/objects/PolygonMapObject.java	polygon
METHOD	com.badlogic.gdx.math.Polygon	setVertices(float[])	null	null	/Users/nima/Developer/NullAwayFixer/Projects/libgdx/gdx/src/com/badlogic/gdx/math/Polygon.java	localVertices
METHOD	com.badlogic.gdx.maps.objects.PolylineMapObject	setPolyline(com.badlogic.gdx.math.Polyline)	null	null	/Users/nima/Developer/NullAwayFixer/Projects/libgdx/gdx/src/com/badlogic/gdx/maps/objects/PolylineMapObject.java	polyline
METHOD	com.badlogic.gdx.math.Polyline	setVertices(float[])	null	null	/Users/nima/Developer/NullAwayFixer/Projects/libgdx/gdx/src/com/badlogic/gdx/math/Polyline.java	localVertices
METHOD	com.badlogic.gdx.scenes.scene2d.Actor	setX(float)	null	null	/Users/nima/Developer/NullAwayFixer/Projects/libgdx/gdx/src/com/badlogic/gdx/scenes/scene2d/Actor.java	x
METHOD	com.badlogic.gdx.scenes.scene2d.Actor	setX(float,int)	null	null	/Users/nima/Developer/NullAwayFixer/Projects/libgdx/gdx/src/com/badlogic/gdx/scenes/scene2d/Actor.java	x
METHOD	com.badlogic.gdx.scenes.scene2d.Actor	setY(float)	null	null	/Users/nima/Developer/NullAwayFixer/Projects/libgdx/gdx/src/com/badlogic/gdx/scenes/scene2d/Actor.java	y
METHOD	com.badlogic.gdx.scenes.scene2d.Actor	setY(float,int)	null	null	/Users/nima/Developer/NullAwayFixer/Projects/libgdx/gdx/src/com/badlogic/gdx/scenes/scene2d/Actor.java	y
METHOD	com.badlogic.gdx.scenes.scene2d.Actor	setPosition(float,float)	null	null	/Users/nima/Developer/NullAwayFixer/Projects/libgdx/gdx/src/com/badlogic/gdx/scenes/scene2d/Actor.java	x
METHOD	com.badlogic.gdx.scenes.scene2d.Actor	setPosition(float,float,int)	null	null	/Users/nima/Developer/NullAwayFixer/Projects/libgdx/gdx/src/com/badlogic/gdx/scenes/scene2d/Actor.java	x
METHOD	com.badlogic.gdx.scenes.scene2d.Actor	setWidth(float)	null	null	/Users/nima/Developer/NullAwayFixer/Projects/libgdx/gdx/src/com/badlogic/gdx/scenes/scene2d/Actor.java	width
METHOD	com.badlogic.gdx.scenes.scene2d.Actor	setHeight(float)	null	null	/Users/nima/Developer/NullAwayFixer/Projects/libgdx/gdx/src/com/badlogic/gdx/scenes/scene2d/Actor.java	height
METHOD	com.badlogic.gdx.scenes.scene2d.Actor	setSize(float,float)	null	null	/Users/nima/Developer/NullAwayFixer/Projects/libgdx/gdx/src/com/badlogic/gdx/scenes/scene2d/Actor.java	width
METHOD	com.badlogic.gdx.scenes.scene2d.Actor	setBounds(float,float,float,float)	null	null	/Users/nima/Developer/NullAwayFixer/Projects/libgdx/gdx/src/com/badlogic/gdx/scenes/scene2d/Actor.java	x
METHOD	com.badlogic.gdx.scenes.scene2d.Actor	setBounds(float,float,float,float)	null	null	/Users/nima/Developer/NullAwayFixer/Projects/libgdx/gdx/src/com/badlogic/gdx/scenes/scene2d/Actor.java	width
METHOD	com.badlogic.gdx.scenes.scene2d.Actor	setScaleX(float)	null	null	/Users/nima/Developer/NullAwayFixer/Projects/libgdx/gdx/src/com/badlogic/gdx/scenes/scene2d/Actor.java	scaleX
METHOD	com.badlogic.gdx.scenes.scene2d.Actor	setScaleY(float)	null	null	/Users/nima/Developer/NullAwayFixer/Projects/libgdx/gdx/src/com/badlogic/gdx/scenes/scene2d/Actor.java	scaleY
METHOD	com.badlogic.gdx.scenes.scene2d.Actor	setScale(float)	null	null	/Users/nima/Developer/NullAwayFixer/Projects/libgdx/gdx/src/com/badlogic/gdx/scenes/scene2d/Actor.java	scaleX
METHOD	com.badlogic.gdx.scenes.scene2d.Actor	setScale(float,float)	null	null	/Users/nima/Developer/NullAwayFixer/Projects/libgdx/gdx/src/com/badlogic/gdx/scenes/scene2d/Actor.java	scaleX
METHOD	com.badlogic.gdx.scenes.scene2d.Actor	setRotation(float)	null	null	/Users/nima/Developer/NullAwayFixer/Projects/libgdx/gdx/src/com/badlogic/gdx/scenes/scene2d/Actor.java	rotation
METHOD	com.badlogic.gdx.scenes.scene2d.ui.Label	setText(int)	null	null	/Users/nima/Developer/NullAwayFixer/Projects/libgdx/gdx/src/com/badlogic/gdx/scenes/scene2d/ui/Label.java	intValue
METHOD	com.badlogic.gdx.scenes.scene2d.ui.Table	reset()	null	null	/Users/nima/Developer/NullAwayFixer/Projects/libgdx/gdx/src/com/badlogic/gdx/scenes/scene2d/ui/Table.java	padTop
METHOD	com.badlogic.gdx.scenes.scene2d.ui.Table	reset()	null	null	/Users/nima/Developer/NullAwayFixer/Projects/libgdx/gdx/src/com/badlogic/gdx/scenes/scene2d/ui/Table.java	padLeft
METHOD	com.badlogic.gdx.scenes.scene2d.ui.Table	reset()	null	null	/Users/nima/Developer/NullAwayFixer/Projects/libgdx/gdx/src/com/badlogic/gdx/scenes/scene2d/ui/Table.java	padBottom
METHOD	com.badlogic.gdx.scenes.scene2d.ui.Table	reset()	null	null	/Users/nima/Developer/NullAwayFixer/Projects/libgdx/gdx/src/com/badlogic/gdx/scenes/scene2d/ui/Table.java	padRight
METHOD	com.badlogic.gdx.scenes.scene2d.ui.Table	pad(com.badlogic.gdx.scenes.scene2d.ui.Value)	null	null	/Users/nima/Developer/NullAwayFixer/Projects/libgdx/gdx/src/com/badlogic/gdx/scenes/scene2d/ui/Table.java	padTop
METHOD	com.badlogic.gdx.scenes.scene2d.ui.Table	pad(com.badlogic.gdx.scenes.scene2d.ui.Value)	null	null	/Users/nima/Developer/NullAwayFixer/Projects/libgdx/gdx/src/com/badlogic/gdx/scenes/scene2d/ui/Table.java	padLeft
METHOD	com.badlogic.gdx.scenes.scene2d.ui.Table	pad(com.badlogic.gdx.scenes.scene2d.ui.Value)	null	null	/Users/nima/Developer/NullAwayFixer/Projects/libgdx/gdx/src/com/badlogic/gdx/scenes/scene2d/ui/Table.java	padBottom
METHOD	com.badlogic.gdx.scenes.scene2d.ui.Table	pad(com.badlogic.gdx.scenes.scene2d.ui.Value)	null	null	/Users/nima/Developer/NullAwayFixer/Projects/libgdx/gdx/src/com/badlogic/gdx/scenes/scene2d/ui/Table.java	padRight
METHOD	com.badlogic.gdx.scenes.scene2d.ui.Table	pad(com.badlogic.gdx.scenes.scene2d.ui.Value,com.badlogic.gdx.scenes.scene2d.ui.Value,com.badlogic.gdx.scenes.scene2d.ui.Value,com.badlogic.gdx.scenes.scene2d.ui.Value)	null	null	/Users/nima/Developer/NullAwayFixer/Projects/libgdx/gdx/src/com/badlogic/gdx/scenes/scene2d/ui/Table.java	padTop
METHOD	com.badlogic.gdx.scenes.scene2d.ui.Table	pad(com.badlogic.gdx.scenes.scene2d.ui.Value,com.badlogic.gdx.scenes.scene2d.ui.Value,com.badlogic.gdx.scenes.scene2d.ui.Value,com.badlogic.gdx.scenes.scene2d.ui.Value)	null	null	/Users/nima/Developer/NullAwayFixer/Projects/libgdx/gdx/src/com/badlogic/gdx/scenes/scene2d/ui/Table.java	padLeft
METHOD	com.badlogic.gdx.scenes.scene2d.ui.Table	pad(com.badlogic.gdx.scenes.scene2d.ui.Value,com.badlogic.gdx.scenes.scene2d.ui.Value,com.badlogic.gdx.scenes.scene2d.ui.Value,com.badlogic.gdx.scenes.scene2d.ui.Value)	null	null	/Users/nima/Developer/NullAwayFixer/Projects/libgdx/gdx/src/com/badlogic/gdx/scenes/scene2d/ui/Table.java	padBottom
METHOD	com.badlogic.gdx.scenes.scene2d.ui.Table	pad(com.badlogic.gdx.scenes.scene2d.ui.Value,com.badlogic.gdx.scenes.scene2d.ui.Value,com.badlogic.gdx.scenes.scene2d.ui.Value,com.badlogic.gdx.scenes.scene2d.ui.Value)	null	null	/Users/nima/Developer/NullAwayFixer/Projects/libgdx/gdx/src/com/badlogic/gdx/scenes/scene2d/ui/Table.java	padRight
METHOD	com.badlogic.gdx.scenes.scene2d.ui.Table	padTop(com.badlogic.gdx.scenes.scene2d.ui.Value)	null	null	/Users/nima/Developer/NullAwayFixer/Projects/libgdx/gdx/src/com/badlogic/gdx/scenes/scene2d/ui/Table.java	padTop
METHOD	com.badlogic.gdx.scenes.scene2d.ui.Table	padLeft(com.badlogic.gdx.scenes.scene2d.ui.Value)	null	null	/Users/nima/Developer/NullAwayFixer/Projects/libgdx/gdx/src/com/badlogic/gdx/scenes/scene2d/ui/Table.java	padLeft
METHOD	com.badlogic.gdx.scenes.scene2d.ui.Table	padBottom(com.badlogic.gdx.scenes.scene2d.ui.Value)	null	null	/Users/nima/Developer/NullAwayFixer/Projects/libgdx/gdx/src/com/badlogic/gdx/scenes/scene2d/ui/Table.java	padBottom
METHOD	com.badlogic.gdx.scenes.scene2d.ui.Table	padRight(com.badlogic.gdx.scenes.scene2d.ui.Value)	null	null	/Users/nima/Developer/NullAwayFixer/Projects/libgdx/gdx/src/com/badlogic/gdx/scenes/scene2d/ui/Table.java	padRight
METHOD	com.badlogic.gdx.scenes.scene2d.ui.Table	pad(float,float,float,float)	null	null	/Users/nima/Developer/NullAwayFixer/Projects/libgdx/gdx/src/com/badlogic/gdx/scenes/scene2d/ui/Table.java	padTop
METHOD	com.badlogic.gdx.scenes.scene2d.ui.Table	pad(float,float,float,float)	null	null	/Users/nima/Developer/NullAwayFixer/Projects/libgdx/gdx/src/com/badlogic/gdx/scenes/scene2d/ui/Table.java	padLeft
METHOD	com.badlogic.gdx.scenes.scene2d.ui.Table	pad(float,float,float,float)	null	null	/Users/nima/Developer/NullAwayFixer/Projects/libgdx/gdx/src/com/badlogic/gdx/scenes/scene2d/ui/Table.java	padBottom
METHOD	com.badlogic.gdx.scenes.scene2d.ui.Table	pad(float,float,float,float)	null	null	/Users/nima/Developer/NullAwayFixer/Projects/libgdx/gdx/src/com/badlogic/gdx/scenes/scene2d/ui/Table.java	padRight
METHOD	com.badlogic.gdx.scenes.scene2d.ui.Table	padTop(float)	null	null	/Users/nima/Developer/NullAwayFixer/Projects/libgdx/gdx/src/com/badlogic/gdx/scenes/scene2d/ui/Table.java	padTop
METHOD	com.badlogic.gdx.scenes.scene2d.ui.Table	padLeft(float)	null	null	/Users/nima/Developer/NullAwayFixer/Projects/libgdx/gdx/src/com/badlogic/gdx/scenes/scene2d/ui/Table.java	padLeft
METHOD	com.badlogic.gdx.scenes.scene2d.ui.Table	padBottom(float)	null	null	/Users/nima/Developer/NullAwayFixer/Projects/libgdx/gdx/src/com/badlogic/gdx/scenes/scene2d/ui/Table.java	padBottom
METHOD	com.badlogic.gdx.scenes.scene2d.ui.Table	padRight(float)	null	null	/Users/nima/Developer/NullAwayFixer/Projects/libgdx/gdx/src/com/badlogic/gdx/scenes/scene2d/ui/Table.java	padRight
METHOD	com.badlogic.gdx.scenes.scene2d.ui.Table	debugTable()	null	null	/Users/nima/Developer/NullAwayFixer/Projects/libgdx/gdx/src/com/badlogic/gdx/scenes/scene2d/ui/Table.java	debug
METHOD	com.badlogic.gdx.scenes.scene2d.ui.Table	debugCell()	null	null	/Users/nima/Developer/NullAwayFixer/Projects/libgdx/gdx/src/com/badlogic/gdx/scenes/scene2d/ui/Table.java	debug
METHOD	com.badlogic.gdx.scenes.scene2d.ui.Table	debugActor()	null	null	/Users/nima/Developer/NullAwayFixer/Projects/libgdx/gdx/src/com/badlogic/gdx/scenes/scene2d/ui/Table.java	debug
METHOD	com.badlogic.gdx.scenes.scene2d.ui.Table	debug(com.badlogic.gdx.scenes.scene2d.ui.Table.Debug)	null	null	/Users/nima/Developer/NullAwayFixer/Projects/libgdx/gdx/src/com/badlogic/gdx/scenes/scene2d/ui/Table.java	debug
METHOD	com.badlogic.gdx.scenes.scene2d.Stage	setViewport(com.badlogic.gdx.utils.viewport.Viewport)	null	null	/Users/nima/Developer/NullAwayFixer/Projects/libgdx/gdx/src/com/badlogic/gdx/scenes/scene2d/Stage.java	viewport
METHOD	com.badlogic.gdx.scenes.scene2d.Stage	setRoot(com.badlogic.gdx.scenes.scene2d.Group)	null	null	/Users/nima/Developer/NullAwayFixer/Projects/libgdx/gdx/src/com/badlogic/gdx/scenes/scene2d/Stage.java	root
METHOD	com.badlogic.gdx.scenes.scene2d.Stage	setDebugAll(boolean)	null	null	/Users/nima/Developer/NullAwayFixer/Projects/libgdx/gdx/src/com/badlogic/gdx/scenes/scene2d/Stage.java	debugAll
METHOD	com.badlogic.gdx.scenes.scene2d.Stage	setDebugUnderMouse(boolean)	null	null	/Users/nima/Developer/NullAwayFixer/Projects/libgdx/gdx/src/com/badlogic/gdx/scenes/scene2d/Stage.java	debugUnderMouse
METHOD	com.badlogic.gdx.scenes.scene2d.Stage	setDebugParentUnderMouse(boolean)	null	null	/Users/nima/Developer/NullAwayFixer/Projects/libgdx/gdx/src/com/badlogic/gdx/scenes/scene2d/Stage.java	debugParentUnderMouse
METHOD	com.badlogic.gdx.scenes.scene2d.Stage	setDebugTableUnderMouse(com.badlogic.gdx.scenes.scene2d.ui.Table.Debug)	null	null	/Users/nima/Developer/NullAwayFixer/Projects/libgdx/gdx/src/com/badlogic/gdx/scenes/scene2d/Stage.java	debugTableUnderMouse
METHOD	com.badlogic.gdx.utils.IntSet	clear()	null	null	/Users/nima/Developer/NullAwayFixer/Projects/libgdx/gdx/src/com/badlogic/gdx/utils/IntSet.java	size
METHOD	com.badlogic.gdx.utils.IntSet	resize(int)	null	null	/Users/nima/Developer/NullAwayFixer/Projects/libgdx/gdx/src/com/badlogic/gdx/utils/IntSet.java	keyTable
METHOD	com.badlogic.gdx.utils.JsonWriter	setOutputType(com.badlogic.gdx.utils.JsonWriter.OutputType)	null	null	/Users/nima/Developer/NullAwayFixer/Projects/libgdx/gdx/src/com/badlogic/gdx/utils/JsonWriter.java	outputType
METHOD	com.badlogic.gdx.utils.Json	setOutputType(com.badlogic.gdx.utils.JsonWriter.OutputType)	null	null	/Users/nima/Developer/NullAwayFixer/Projects/libgdx/gdx/src/com/badlogic/gdx/utils/Json.java	outputType
METHOD	com.badlogic.gdx.graphics.g2d.BitmapFontCache	tint(com.badlogic.gdx.graphics.Color)	null	null	/Users/nima/Developer/NullAwayFixer/Projects/libgdx/gdx/src/com/badlogic/gdx/graphics/g2d/BitmapFontCache.java	currentTint
METHOD	com.badlogic.gdx.graphics.g2d.BitmapFontCache	setPageCount(int)	null	null	/Users/nima/Developer/NullAwayFixer/Projects/libgdx/gdx/src/com/badlogic/gdx/graphics/g2d/BitmapFontCache.java	pageVertices
METHOD	com.badlogic.gdx.graphics.g2d.BitmapFontCache	setPageCount(int)	null	null	/Users/nima/Developer/NullAwayFixer/Projects/libgdx/gdx/src/com/badlogic/gdx/graphics/g2d/BitmapFontCache.java	idx
METHOD	com.badlogic.gdx.graphics.g2d.BitmapFontCache	setPageCount(int)	null	null	/Users/nima/Developer/NullAwayFixer/Projects/libgdx/gdx/src/com/badlogic/gdx/graphics/g2d/BitmapFontCache.java	tempGlyphCount
METHOD	com.badlogic.gdx.utils.FloatArray	insertRange(int,int)	null	null	/Users/nima/Developer/NullAwayFixer/Projects/libgdx/gdx/src/com/badlogic/gdx/utils/FloatArray.java	items
METHOD	com.badlogic.gdx.utils.FloatArray	resize(int)	null	null	/Users/nima/Developer/NullAwayFixer/Projects/libgdx/gdx/src/com/badlogic/gdx/utils/FloatArray.java	items
METHOD	com.badlogic.gdx.scenes.scene2d.ui.Tree	initialize()	null	null	/Users/nima/Developer/NullAwayFixer/Projects/libgdx/gdx/src/com/badlogic/gdx/scenes/scene2d/ui/Tree.java	clickListener
METHOD	com.badlogic.gdx.scenes.scene2d.ui.Tree	setStyle(com.badlogic.gdx.scenes.scene2d.ui.Tree.TreeStyle)	null	null	/Users/nima/Developer/NullAwayFixer/Projects/libgdx/gdx/src/com/badlogic/gdx/scenes/scene2d/ui/Tree.java	indentSpacing
METHOD	com.badlogic.gdx.scenes.scene2d.ui.Tree$Node	setExpanded(boolean)	null	null	/Users/nima/Developer/NullAwayFixer/Projects/libgdx/gdx/src/com/badlogic/gdx/scenes/scene2d/ui/Tree.java	expanded
METHOD	com.badlogic.gdx.scenes.scene2d.utils.ClickListener	touchUp(com.badlogic.gdx.scenes.scene2d.InputEvent,float,float,int,int)	null	null	/Users/nima/Developer/NullAwayFixer/Projects/libgdx/gdx/src/com/badlogic/gdx/scenes/scene2d/utils/ClickListener.java	pressedPointer
METHOD	com.badlogic.gdx.scenes.scene2d.ui.Image	setScaling(com.badlogic.gdx.utils.Scaling)	null	null	/Users/nima/Developer/NullAwayFixer/Projects/libgdx/gdx/src/com/badlogic/gdx/scenes/scene2d/ui/Image.java	scaling
METHOD	com.badlogic.gdx.scenes.scene2d.ui.ScrollPane	setStyle(com.badlogic.gdx.scenes.scene2d.ui.ScrollPane.ScrollPaneStyle)	null	null	/Users/nima/Developer/NullAwayFixer/Projects/libgdx/gdx/src/com/badlogic/gdx/scenes/scene2d/ui/ScrollPane.java	style
METHOD	com.badlogic.gdx.scenes.scene2d.ui.ScrollPane	setFlickScroll(boolean)	null	null	/Users/nima/Developer/NullAwayFixer/Projects/libgdx/gdx/src/com/badlogic/gdx/scenes/scene2d/ui/ScrollPane.java	flickScroll
METHOD	com.badlogic.gdx.scenes.scene2d.ui.ScrollPane	setScrollingDisabled(boolean,boolean)	null	null	/Users/nima/Developer/NullAwayFixer/Projects/libgdx/gdx/src/com/badlogic/gdx/scenes/scene2d/ui/ScrollPane.java	disableX
METHOD	com.badlogic.gdx.scenes.scene2d.ui.ScrollPane	setFadeScrollBars(boolean)	null	null	/Users/nima/Developer/NullAwayFixer/Projects/libgdx/gdx/src/com/badlogic/gdx/scenes/scene2d/ui/ScrollPane.java	fadeScrollBars
METHOD	com.badlogic.gdx.scenes.scene2d.ui.TextField	draw(com.badlogic.gdx.graphics.g2d.Batch,float)	null	null	/Users/nima/Developer/NullAwayFixer/Projects/libgdx/gdx/src/com/badlogic/gdx/scenes/scene2d/ui/TextField.java	focused
METHOD	com.badlogic.gdx.scenes.scene2d.ui.TextField	setOnscreenKeyboard(com.badlogic.gdx.scenes.scene2d.ui.TextField.OnscreenKeyboard)	null	null	/Users/nima/Developer/NullAwayFixer/Projects/libgdx/gdx/src/com/badlogic/gdx/scenes/scene2d/ui/TextField.java	keyboard
METHOD	com.badlogic.gdx.scenes.scene2d.ui.TextField	setClipboard(com.badlogic.gdx.utils.Clipboard)	null	null	/Users/nima/Developer/NullAwayFixer/Projects/libgdx/gdx/src/com/badlogic/gdx/scenes/scene2d/ui/TextField.java	clipboard
METHOD	com.badlogic.gdx.scenes.scene2d.ui.List	setSelection(com.badlogic.gdx.scenes.scene2d.utils.ArraySelection<T>)	null	null	/Users/nima/Developer/NullAwayFixer/Projects/libgdx/gdx/src/com/badlogic/gdx/scenes/scene2d/ui/List.java	selection
METHOD	com.badlogic.gdx.scenes.scene2d.ui.VerticalGroup	layoutWrapped()	null	null	/Users/nima/Developer/NullAwayFixer/Projects/libgdx/gdx/src/com/badlogic/gdx/scenes/scene2d/ui/VerticalGroup.java	lastPrefWidth
METHOD	com.badlogic.gdx.scenes.scene2d.ui.Button	initialize()	null	null	/Users/nima/Developer/NullAwayFixer/Projects/libgdx/gdx/src/com/badlogic/gdx/scenes/scene2d/ui/Button.java	clickListener
METHOD	com.badlogic.gdx.scenes.scene2d.ui.Button	setChecked(boolean,boolean)	null	null	/Users/nima/Developer/NullAwayFixer/Projects/libgdx/gdx/src/com/badlogic/gdx/scenes/scene2d/ui/Button.java	isChecked
METHOD	com.badlogic.gdx.scenes.scene2d.ui.Button	setChecked(boolean,boolean)	null	null	/Users/nima/Developer/NullAwayFixer/Projects/libgdx/gdx/src/com/badlogic/gdx/scenes/scene2d/ui/Button.java	isChecked
METHOD	com.badlogic.gdx.scenes.scene2d.ui.Container	size(com.badlogic.gdx.scenes.scene2d.ui.Value)	null	null	/Users/nima/Developer/NullAwayFixer/Projects/libgdx/gdx/src/com/badlogic/gdx/scenes/scene2d/ui/Container.java	minWidth
METHOD	com.badlogic.gdx.scenes.scene2d.ui.Container	size(com.badlogic.gdx.scenes.scene2d.ui.Value)	null	null	/Users/nima/Developer/NullAwayFixer/Projects/libgdx/gdx/src/com/badlogic/gdx/scenes/scene2d/ui/Container.java	minHeight
METHOD	com.badlogic.gdx.scenes.scene2d.ui.Container	size(com.badlogic.gdx.scenes.scene2d.ui.Value)	null	null	/Users/nima/Developer/NullAwayFixer/Projects/libgdx/gdx/src/com/badlogic/gdx/scenes/scene2d/ui/Container.java	prefWidth
METHOD	com.badlogic.gdx.scenes.scene2d.ui.Container	size(com.badlogic.gdx.scenes.scene2d.ui.Value)	null	null	/Users/nima/Developer/NullAwayFixer/Projects/libgdx/gdx/src/com/badlogic/gdx/scenes/scene2d/ui/Container.java	prefHeight
METHOD	com.badlogic.gdx.scenes.scene2d.ui.Container	size(com.badlogic.gdx.scenes.scene2d.ui.Value)	null	null	/Users/nima/Developer/NullAwayFixer/Projects/libgdx/gdx/src/com/badlogic/gdx/scenes/scene2d/ui/Container.java	maxWidth
METHOD	com.badlogic.gdx.scenes.scene2d.ui.Container	size(com.badlogic.gdx.scenes.scene2d.ui.Value)	null	null	/Users/nima/Developer/NullAwayFixer/Projects/libgdx/gdx/src/com/badlogic/gdx/scenes/scene2d/ui/Container.java	maxHeight
METHOD	com.badlogic.gdx.scenes.scene2d.ui.Container	size(com.badlogic.gdx.scenes.scene2d.ui.Value,com.badlogic.gdx.scenes.scene2d.ui.Value)	null	null	/Users/nima/Developer/NullAwayFixer/Projects/libgdx/gdx/src/com/badlogic/gdx/scenes/scene2d/ui/Container.java	minWidth
METHOD	com.badlogic.gdx.scenes.scene2d.ui.Container	size(com.badlogic.gdx.scenes.scene2d.ui.Value,com.badlogic.gdx.scenes.scene2d.ui.Value)	null	null	/Users/nima/Developer/NullAwayFixer/Projects/libgdx/gdx/src/com/badlogic/gdx/scenes/scene2d/ui/Container.java	minHeight
METHOD	com.badlogic.gdx.scenes.scene2d.ui.Container	size(com.badlogic.gdx.scenes.scene2d.ui.Value,com.badlogic.gdx.scenes.scene2d.ui.Value)	null	null	/Users/nima/Developer/NullAwayFixer/Projects/libgdx/gdx/src/com/badlogic/gdx/scenes/scene2d/ui/Container.java	prefWidth
METHOD	com.badlogic.gdx.scenes.scene2d.ui.Container	size(com.badlogic.gdx.scenes.scene2d.ui.Value,com.badlogic.gdx.scenes.scene2d.ui.Value)	null	null	/Users/nima/Developer/NullAwayFixer/Projects/libgdx/gdx/src/com/badlogic/gdx/scenes/scene2d/ui/Container.java	prefHeight
METHOD	com.badlogic.gdx.scenes.scene2d.ui.Container	size(com.badlogic.gdx.scenes.scene2d.ui.Value,com.badlogic.gdx.scenes.scene2d.ui.Value)	null	null	/Users/nima/Developer/NullAwayFixer/Projects/libgdx/gdx/src/com/badlogic/gdx/scenes/scene2d/ui/Container.java	maxWidth
METHOD	com.badlogic.gdx.scenes.scene2d.ui.Container	size(com.badlogic.gdx.scenes.scene2d.ui.Value,com.badlogic.gdx.scenes.scene2d.ui.Value)	null	null	/Users/nima/Developer/NullAwayFixer/Projects/libgdx/gdx/src/com/badlogic/gdx/scenes/scene2d/ui/Container.java	maxHeight
METHOD	com.badlogic.gdx.scenes.scene2d.ui.Container	width(com.badlogic.gdx.scenes.scene2d.ui.Value)	null	null	/Users/nima/Developer/NullAwayFixer/Projects/libgdx/gdx/src/com/badlogic/gdx/scenes/scene2d/ui/Container.java	minWidth
METHOD	com.badlogic.gdx.scenes.scene2d.ui.Container	width(com.badlogic.gdx.scenes.scene2d.ui.Value)	null	null	/Users/nima/Developer/NullAwayFixer/Projects/libgdx/gdx/src/com/badlogic/gdx/scenes/scene2d/ui/Container.java	prefWidth
METHOD	com.badlogic.gdx.scenes.scene2d.ui.Container	width(com.badlogic.gdx.scenes.scene2d.ui.Value)	null	null	/Users/nima/Developer/NullAwayFixer/Projects/libgdx/gdx/src/com/badlogic/gdx/scenes/scene2d/ui/Container.java	maxWidth
METHOD	com.badlogic.gdx.scenes.scene2d.ui.Container	height(com.badlogic.gdx.scenes.scene2d.ui.Value)	null	null	/Users/nima/Developer/NullAwayFixer/Projects/libgdx/gdx/src/com/badlogic/gdx/scenes/scene2d/ui/Container.java	minHeight
METHOD	com.badlogic.gdx.scenes.scene2d.ui.Container	height(com.badlogic.gdx.scenes.scene2d.ui.Value)	null	null	/Users/nima/Developer/NullAwayFixer/Projects/libgdx/gdx/src/com/badlogic/gdx/scenes/scene2d/ui/Container.java	prefHeight
METHOD	com.badlogic.gdx.scenes.scene2d.ui.Container	height(com.badlogic.gdx.scenes.scene2d.ui.Value)	null	null	/Users/nima/Developer/NullAwayFixer/Projects/libgdx/gdx/src/com/badlogic/gdx/scenes/scene2d/ui/Container.java	maxHeight
METHOD	com.badlogic.gdx.scenes.scene2d.ui.Container	minSize(com.badlogic.gdx.scenes.scene2d.ui.Value)	null	null	/Users/nima/Developer/NullAwayFixer/Projects/libgdx/gdx/src/com/badlogic/gdx/scenes/scene2d/ui/Container.java	minWidth
METHOD	com.badlogic.gdx.scenes.scene2d.ui.Container	minSize(com.badlogic.gdx.scenes.scene2d.ui.Value)	null	null	/Users/nima/Developer/NullAwayFixer/Projects/libgdx/gdx/src/com/badlogic/gdx/scenes/scene2d/ui/Container.java	minHeight
METHOD	com.badlogic.gdx.scenes.scene2d.ui.Container	minSize(com.badlogic.gdx.scenes.scene2d.ui.Value,com.badlogic.gdx.scenes.scene2d.ui.Value)	null	null	/Users/nima/Developer/NullAwayFixer/Projects/libgdx/gdx/src/com/badlogic/gdx/scenes/scene2d/ui/Container.java	minWidth
METHOD	com.badlogic.gdx.scenes.scene2d.ui.Container	minSize(com.badlogic.gdx.scenes.scene2d.ui.Value,com.badlogic.gdx.scenes.scene2d.ui.Value)	null	null	/Users/nima/Developer/NullAwayFixer/Projects/libgdx/gdx/src/com/badlogic/gdx/scenes/scene2d/ui/Container.java	minHeight
METHOD	com.badlogic.gdx.scenes.scene2d.ui.Container	minWidth(com.badlogic.gdx.scenes.scene2d.ui.Value)	null	null	/Users/nima/Developer/NullAwayFixer/Projects/libgdx/gdx/src/com/badlogic/gdx/scenes/scene2d/ui/Container.java	minWidth
METHOD	com.badlogic.gdx.scenes.scene2d.ui.Container	minHeight(com.badlogic.gdx.scenes.scene2d.ui.Value)	null	null	/Users/nima/Developer/NullAwayFixer/Projects/libgdx/gdx/src/com/badlogic/gdx/scenes/scene2d/ui/Container.java	minHeight
METHOD	com.badlogic.gdx.scenes.scene2d.ui.Container	minWidth(float)	null	null	/Users/nima/Developer/NullAwayFixer/Projects/libgdx/gdx/src/com/badlogic/gdx/scenes/scene2d/ui/Container.java	minWidth
METHOD	com.badlogic.gdx.scenes.scene2d.ui.Container	minHeight(float)	null	null	/Users/nima/Developer/NullAwayFixer/Projects/libgdx/gdx/src/com/badlogic/gdx/scenes/scene2d/ui/Container.java	minHeight
METHOD	com.badlogic.gdx.scenes.scene2d.ui.Container	prefSize(com.badlogic.gdx.scenes.scene2d.ui.Value)	null	null	/Users/nima/Developer/NullAwayFixer/Projects/libgdx/gdx/src/com/badlogic/gdx/scenes/scene2d/ui/Container.java	prefWidth
METHOD	com.badlogic.gdx.scenes.scene2d.ui.Container	prefSize(com.badlogic.gdx.scenes.scene2d.ui.Value)	null	null	/Users/nima/Developer/NullAwayFixer/Projects/libgdx/gdx/src/com/badlogic/gdx/scenes/scene2d/ui/Container.java	prefHeight
METHOD	com.badlogic.gdx.scenes.scene2d.ui.Container	prefSize(com.badlogic.gdx.scenes.scene2d.ui.Value,com.badlogic.gdx.scenes.scene2d.ui.Value)	null	null	/Users/nima/Developer/NullAwayFixer/Projects/libgdx/gdx/src/com/badlogic/gdx/scenes/scene2d/ui/Container.java	prefWidth
METHOD	com.badlogic.gdx.scenes.scene2d.ui.Container	prefSize(com.badlogic.gdx.scenes.scene2d.ui.Value,com.badlogic.gdx.scenes.scene2d.ui.Value)	null	null	/Users/nima/Developer/NullAwayFixer/Projects/libgdx/gdx/src/com/badlogic/gdx/scenes/scene2d/ui/Container.java	prefHeight
METHOD	com.badlogic.gdx.scenes.scene2d.ui.Container	prefWidth(com.badlogic.gdx.scenes.scene2d.ui.Value)	null	null	/Users/nima/Developer/NullAwayFixer/Projects/libgdx/gdx/src/com/badlogic/gdx/scenes/scene2d/ui/Container.java	prefWidth
METHOD	com.badlogic.gdx.scenes.scene2d.ui.Container	prefHeight(com.badlogic.gdx.scenes.scene2d.ui.Value)	null	null	/Users/nima/Developer/NullAwayFixer/Projects/libgdx/gdx/src/com/badlogic/gdx/scenes/scene2d/ui/Container.java	prefHeight
METHOD	com.badlogic.gdx.scenes.scene2d.ui.Container	prefWidth(float)	null	null	/Users/nima/Developer/NullAwayFixer/Projects/libgdx/gdx/src/com/badlogic/gdx/scenes/scene2d/ui/Container.java	prefWidth
METHOD	com.badlogic.gdx.scenes.scene2d.ui.Container	prefHeight(float)	null	null	/Users/nima/Developer/NullAwayFixer/Projects/libgdx/gdx/src/com/badlogic/gdx/scenes/scene2d/ui/Container.java	prefHeight
METHOD	com.badlogic.gdx.scenes.scene2d.ui.Container	maxSize(com.badlogic.gdx.scenes.scene2d.ui.Value)	null	null	/Users/nima/Developer/NullAwayFixer/Projects/libgdx/gdx/src/com/badlogic/gdx/scenes/scene2d/ui/Container.java	maxWidth
METHOD	com.badlogic.gdx.scenes.scene2d.ui.Container	maxSize(com.badlogic.gdx.scenes.scene2d.ui.Value)	null	null	/Users/nima/Developer/NullAwayFixer/Projects/libgdx/gdx/src/com/badlogic/gdx/scenes/scene2d/ui/Container.java	maxHeight
METHOD	com.badlogic.gdx.scenes.scene2d.ui.Container	maxSize(com.badlogic.gdx.scenes.scene2d.ui.Value,com.badlogic.gdx.scenes.scene2d.ui.Value)	null	null	/Users/nima/Developer/NullAwayFixer/Projects/libgdx/gdx/src/com/badlogic/gdx/scenes/scene2d/ui/Container.java	maxWidth
METHOD	com.badlogic.gdx.scenes.scene2d.ui.Container	maxSize(com.badlogic.gdx.scenes.scene2d.ui.Value,com.badlogic.gdx.scenes.scene2d.ui.Value)	null	null	/Users/nima/Developer/NullAwayFixer/Projects/libgdx/gdx/src/com/badlogic/gdx/scenes/scene2d/ui/Container.java	maxHeight
METHOD	com.badlogic.gdx.scenes.scene2d.ui.Container	maxWidth(com.badlogic.gdx.scenes.scene2d.ui.Value)	null	null	/Users/nima/Developer/NullAwayFixer/Projects/libgdx/gdx/src/com/badlogic/gdx/scenes/scene2d/ui/Container.java	maxWidth
METHOD	com.badlogic.gdx.scenes.scene2d.ui.Container	maxHeight(com.badlogic.gdx.scenes.scene2d.ui.Value)	null	null	/Users/nima/Developer/NullAwayFixer/Projects/libgdx/gdx/src/com/badlogic/gdx/scenes/scene2d/ui/Container.java	maxHeight
METHOD	com.badlogic.gdx.scenes.scene2d.ui.Container	maxWidth(float)	null	null	/Users/nima/Developer/NullAwayFixer/Projects/libgdx/gdx/src/com/badlogic/gdx/scenes/scene2d/ui/Container.java	maxWidth
METHOD	com.badlogic.gdx.scenes.scene2d.ui.Container	maxHeight(float)	null	null	/Users/nima/Developer/NullAwayFixer/Projects/libgdx/gdx/src/com/badlogic/gdx/scenes/scene2d/ui/Container.java	maxHeight
METHOD	com.badlogic.gdx.scenes.scene2d.ui.Container	pad(com.badlogic.gdx.scenes.scene2d.ui.Value)	null	null	/Users/nima/Developer/NullAwayFixer/Projects/libgdx/gdx/src/com/badlogic/gdx/scenes/scene2d/ui/Container.java	padTop
METHOD	com.badlogic.gdx.scenes.scene2d.ui.Container	pad(com.badlogic.gdx.scenes.scene2d.ui.Value)	null	null	/Users/nima/Developer/NullAwayFixer/Projects/libgdx/gdx/src/com/badlogic/gdx/scenes/scene2d/ui/Container.java	padLeft
METHOD	com.badlogic.gdx.scenes.scene2d.ui.Container	pad(com.badlogic.gdx.scenes.scene2d.ui.Value)	null	null	/Users/nima/Developer/NullAwayFixer/Projects/libgdx/gdx/src/com/badlogic/gdx/scenes/scene2d/ui/Container.java	padBottom
METHOD	com.badlogic.gdx.scenes.scene2d.ui.Container	pad(com.badlogic.gdx.scenes.scene2d.ui.Value)	null	null	/Users/nima/Developer/NullAwayFixer/Projects/libgdx/gdx/src/com/badlogic/gdx/scenes/scene2d/ui/Container.java	padRight
METHOD	com.badlogic.gdx.scenes.scene2d.ui.Container	pad(com.badlogic.gdx.scenes.scene2d.ui.Value,com.badlogic.gdx.scenes.scene2d.ui.Value,com.badlogic.gdx.scenes.scene2d.ui.Value,com.badlogic.gdx.scenes.scene2d.ui.Value)	null	null	/Users/nima/Developer/NullAwayFixer/Projects/libgdx/gdx/src/com/badlogic/gdx/scenes/scene2d/ui/Container.java	padTop
METHOD	com.badlogic.gdx.scenes.scene2d.ui.Container	pad(com.badlogic.gdx.scenes.scene2d.ui.Value,com.badlogic.gdx.scenes.scene2d.ui.Value,com.badlogic.gdx.scenes.scene2d.ui.Value,com.badlogic.gdx.scenes.scene2d.ui.Value)	null	null	/Users/nima/Developer/NullAwayFixer/Projects/libgdx/gdx/src/com/badlogic/gdx/scenes/scene2d/ui/Container.java	padLeft
METHOD	com.badlogic.gdx.scenes.scene2d.ui.Container	pad(com.badlogic.gdx.scenes.scene2d.ui.Value,com.badlogic.gdx.scenes.scene2d.ui.Value,com.badlogic.gdx.scenes.scene2d.ui.Value,com.badlogic.gdx.scenes.scene2d.ui.Value)	null	null	/Users/nima/Developer/NullAwayFixer/Projects/libgdx/gdx/src/com/badlogic/gdx/scenes/scene2d/ui/Container.java	padBottom
METHOD	com.badlogic.gdx.scenes.scene2d.ui.Container	pad(com.badlogic.gdx.scenes.scene2d.ui.Value,com.badlogic.gdx.scenes.scene2d.ui.Value,com.badlogic.gdx.scenes.scene2d.ui.Value,com.badlogic.gdx.scenes.scene2d.ui.Value)	null	null	/Users/nima/Developer/NullAwayFixer/Projects/libgdx/gdx/src/com/badlogic/gdx/scenes/scene2d/ui/Container.java	padRight
METHOD	com.badlogic.gdx.scenes.scene2d.ui.Container	padTop(com.badlogic.gdx.scenes.scene2d.ui.Value)	null	null	/Users/nima/Developer/NullAwayFixer/Projects/libgdx/gdx/src/com/badlogic/gdx/scenes/scene2d/ui/Container.java	padTop
METHOD	com.badlogic.gdx.scenes.scene2d.ui.Container	padLeft(com.badlogic.gdx.scenes.scene2d.ui.Value)	null	null	/Users/nima/Developer/NullAwayFixer/Projects/libgdx/gdx/src/com/badlogic/gdx/scenes/scene2d/ui/Container.java	padLeft
METHOD	com.badlogic.gdx.scenes.scene2d.ui.Container	padBottom(com.badlogic.gdx.scenes.scene2d.ui.Value)	null	null	/Users/nima/Developer/NullAwayFixer/Projects/libgdx/gdx/src/com/badlogic/gdx/scenes/scene2d/ui/Container.java	padBottom
METHOD	com.badlogic.gdx.scenes.scene2d.ui.Container	padRight(com.badlogic.gdx.scenes.scene2d.ui.Value)	null	null	/Users/nima/Developer/NullAwayFixer/Projects/libgdx/gdx/src/com/badlogic/gdx/scenes/scene2d/ui/Container.java	padRight
METHOD	com.badlogic.gdx.scenes.scene2d.ui.Container	pad(float)	null	null	/Users/nima/Developer/NullAwayFixer/Projects/libgdx/gdx/src/com/badlogic/gdx/scenes/scene2d/ui/Container.java	padTop
METHOD	com.badlogic.gdx.scenes.scene2d.ui.Container	pad(float)	null	null	/Users/nima/Developer/NullAwayFixer/Projects/libgdx/gdx/src/com/badlogic/gdx/scenes/scene2d/ui/Container.java	padLeft
METHOD	com.badlogic.gdx.scenes.scene2d.ui.Container	pad(float)	null	null	/Users/nima/Developer/NullAwayFixer/Projects/libgdx/gdx/src/com/badlogic/gdx/scenes/scene2d/ui/Container.java	padBottom
METHOD	com.badlogic.gdx.scenes.scene2d.ui.Container	pad(float)	null	null	/Users/nima/Developer/NullAwayFixer/Projects/libgdx/gdx/src/com/badlogic/gdx/scenes/scene2d/ui/Container.java	padRight
METHOD	com.badlogic.gdx.scenes.scene2d.ui.Container	pad(float,float,float,float)	null	null	/Users/nima/Developer/NullAwayFixer/Projects/libgdx/gdx/src/com/badlogic/gdx/scenes/scene2d/ui/Container.java	padTop
METHOD	com.badlogic.gdx.scenes.scene2d.ui.Container	pad(float,float,float,float)	null	null	/Users/nima/Developer/NullAwayFixer/Projects/libgdx/gdx/src/com/badlogic/gdx/scenes/scene2d/ui/Container.java	padLeft
METHOD	com.badlogic.gdx.scenes.scene2d.ui.Container	pad(float,float,float,float)	null	null	/Users/nima/Developer/NullAwayFixer/Projects/libgdx/gdx/src/com/badlogic/gdx/scenes/scene2d/ui/Container.java	padBottom
METHOD	com.badlogic.gdx.scenes.scene2d.ui.Container	pad(float,float,float,float)	null	null	/Users/nima/Developer/NullAwayFixer/Projects/libgdx/gdx/src/com/badlogic/gdx/scenes/scene2d/ui/Container.java	padRight
METHOD	com.badlogic.gdx.scenes.scene2d.ui.Container	padTop(float)	null	null	/Users/nima/Developer/NullAwayFixer/Projects/libgdx/gdx/src/com/badlogic/gdx/scenes/scene2d/ui/Container.java	padTop
METHOD	com.badlogic.gdx.scenes.scene2d.ui.Container	padLeft(float)	null	null	/Users/nima/Developer/NullAwayFixer/Projects/libgdx/gdx/src/com/badlogic/gdx/scenes/scene2d/ui/Container.java	padLeft
METHOD	com.badlogic.gdx.scenes.scene2d.ui.Container	padBottom(float)	null	null	/Users/nima/Developer/NullAwayFixer/Projects/libgdx/gdx/src/com/badlogic/gdx/scenes/scene2d/ui/Container.java	padBottom
METHOD	com.badlogic.gdx.scenes.scene2d.ui.Container	padRight(float)	null	null	/Users/nima/Developer/NullAwayFixer/Projects/libgdx/gdx/src/com/badlogic/gdx/scenes/scene2d/ui/Container.java	padRight
METHOD	com.badlogic.gdx.scenes.scene2d.ui.SplitPane$1	touchDown(com.badlogic.gdx.scenes.scene2d.InputEvent,float,float,int,int)	null	null	/Users/nima/Developer/NullAwayFixer/Projects/libgdx/gdx/src/com/badlogic/gdx/scenes/scene2d/ui/SplitPane.java	draggingPointer
METHOD	com.badlogic.gdx.scenes.scene2d.ui.SplitPane$1	touchUp(com.badlogic.gdx.scenes.scene2d.InputEvent,float,float,int,int)	null	null	/Users/nima/Developer/NullAwayFixer/Projects/libgdx/gdx/src/com/badlogic/gdx/scenes/scene2d/ui/SplitPane.java	draggingPointer
METHOD	com.badlogic.gdx.scenes.scene2d.ui.SplitPane	setVertical(boolean)	null	null	/Users/nima/Developer/NullAwayFixer/Projects/libgdx/gdx/src/com/badlogic/gdx/scenes/scene2d/ui/SplitPane.java	vertical
METHOD	com.badlogic.gdx.scenes.scene2d.ui.TextButton	setLabel(com.badlogic.gdx.scenes.scene2d.ui.Label)	null	null	/Users/nima/Developer/NullAwayFixer/Projects/libgdx/gdx/src/com/badlogic/gdx/scenes/scene2d/ui/TextButton.java	label
METHOD	com.badlogic.gdx.scenes.scene2d.ui.ImageTextButton	setStyle(com.badlogic.gdx.scenes.scene2d.ui.Button.ButtonStyle)	null	null	/Users/nima/Developer/NullAwayFixer/Projects/libgdx/gdx/src/com/badlogic/gdx/scenes/scene2d/ui/ImageTextButton.java	style
METHOD	com.badlogic.gdx.scenes.scene2d.ui.ImageTextButton	setLabel(com.badlogic.gdx.scenes.scene2d.ui.Label)	null	null	/Users/nima/Developer/NullAwayFixer/Projects/libgdx/gdx/src/com/badlogic/gdx/scenes/scene2d/ui/ImageTextButton.java	label
METHOD	com.badlogic.gdx.scenes.scene2d.ui.Dialog	initialize()	null	null	/Users/nima/Developer/NullAwayFixer/Projects/libgdx/gdx/src/com/badlogic/gdx/scenes/scene2d/ui/Dialog.java	contentTable
METHOD	com.badlogic.gdx.scenes.scene2d.ui.Dialog	initialize()	null	null	/Users/nima/Developer/NullAwayFixer/Projects/libgdx/gdx/src/com/badlogic/gdx/scenes/scene2d/ui/Dialog.java	buttonTable
METHOD	com.badlogic.gdx.scenes.scene2d.ui.Dialog	initialize()	null	null	/Users/nima/Developer/NullAwayFixer/Projects/libgdx/gdx/src/com/badlogic/gdx/scenes/scene2d/ui/Dialog.java	focusListener
METHOD	com.badlogic.gdx.scenes.scene2d.ui.HorizontalGroup	layoutWrapped()	null	null	/Users/nima/Developer/NullAwayFixer/Projects/libgdx/gdx/src/com/badlogic/gdx/scenes/scene2d/ui/HorizontalGroup.java	lastPrefHeight
METHOD	com.badlogic.gdx.graphics.g2d.ParticleEmitter	initialize()	null	null	/Users/nima/Developer/NullAwayFixer/Projects/libgdx/gdx/src/com/badlogic/gdx/graphics/g2d/ParticleEmitter.java	sprites
METHOD	com.badlogic.gdx.graphics.g2d.ParticleEmitter	initialize()	null	null	/Users/nima/Developer/NullAwayFixer/Projects/libgdx/gdx/src/com/badlogic/gdx/graphics/g2d/ParticleEmitter.java	imagePaths
METHOD	com.badlogic.gdx.graphics.g2d.ParticleEmitter	setSprites(com.badlogic.gdx.utils.Array<com.badlogic.gdx.graphics.g2d.Sprite>)	null	null	/Users/nima/Developer/NullAwayFixer/Projects/libgdx/gdx/src/com/badlogic/gdx/graphics/g2d/ParticleEmitter.java	sprites
METHOD	com.badlogic.gdx.graphics.g2d.ParticleEmitter	setSpriteMode(com.badlogic.gdx.graphics.g2d.ParticleEmitter.SpriteMode)	null	null	/Users/nima/Developer/NullAwayFixer/Projects/libgdx/gdx/src/com/badlogic/gdx/graphics/g2d/ParticleEmitter.java	spriteMode
METHOD	com.badlogic.gdx.graphics.g2d.ParticleEmitter	setImagePaths(com.badlogic.gdx.utils.Array<java.lang.String>)	null	null	/Users/nima/Developer/NullAwayFixer/Projects/libgdx/gdx/src/com/badlogic/gdx/graphics/g2d/ParticleEmitter.java	imagePaths
METHOD	com.badlogic.gdx.graphics.g2d.ParticleEmitter$ScaledNumericValue	set(com.badlogic.gdx.graphics.g2d.ParticleEmitter.ScaledNumericValue)	null	null	/Users/nima/Developer/NullAwayFixer/Projects/libgdx/gdx/src/com/badlogic/gdx/graphics/g2d/ParticleEmitter.java	scaling
METHOD	com.badlogic.gdx.graphics.g2d.ParticleEmitter$ScaledNumericValue	set(com.badlogic.gdx.graphics.g2d.ParticleEmitter.ScaledNumericValue)	null	null	/Users/nima/Developer/NullAwayFixer/Projects/libgdx/gdx/src/com/badlogic/gdx/graphics/g2d/ParticleEmitter.java	timeline
METHOD	com.badlogic.gdx.graphics.g2d.ParticleEmitter$ScaledNumericValue	setScaling(float[])	null	null	/Users/nima/Developer/NullAwayFixer/Projects/libgdx/gdx/src/com/badlogic/gdx/graphics/g2d/ParticleEmitter.java	scaling
METHOD	com.badlogic.gdx.graphics.g2d.ParticleEmitter$ScaledNumericValue	setTimeline(float[])	null	null	/Users/nima/Developer/NullAwayFixer/Projects/libgdx/gdx/src/com/badlogic/gdx/graphics/g2d/ParticleEmitter.java	timeline
METHOD	com.badlogic.gdx.graphics.g2d.ParticleEmitter$ScaledNumericValue	load(com.badlogic.gdx.graphics.g2d.ParticleEmitter.ScaledNumericValue)	null	null	/Users/nima/Developer/NullAwayFixer/Projects/libgdx/gdx/src/com/badlogic/gdx/graphics/g2d/ParticleEmitter.java	scaling
METHOD	com.badlogic.gdx.graphics.g2d.ParticleEmitter$ScaledNumericValue	load(com.badlogic.gdx.graphics.g2d.ParticleEmitter.ScaledNumericValue)	null	null	/Users/nima/Developer/NullAwayFixer/Projects/libgdx/gdx/src/com/badlogic/gdx/graphics/g2d/ParticleEmitter.java	timeline
METHOD	com.badlogic.gdx.graphics.g2d.ParticleEmitter$GradientColorValue	setTimeline(float[])	null	null	/Users/nima/Developer/NullAwayFixer/Projects/libgdx/gdx/src/com/badlogic/gdx/graphics/g2d/ParticleEmitter.java	timeline
METHOD	com.badlogic.gdx.graphics.g2d.ParticleEmitter$GradientColorValue	setColors(float[])	null	null	/Users/nima/Developer/NullAwayFixer/Projects/libgdx/gdx/src/com/badlogic/gdx/graphics/g2d/ParticleEmitter.java	colors
METHOD	com.badlogic.gdx.graphics.g2d.ParticleEmitter$GradientColorValue	load(com.badlogic.gdx.graphics.g2d.ParticleEmitter.GradientColorValue)	null	null	/Users/nima/Developer/NullAwayFixer/Projects/libgdx/gdx/src/com/badlogic/gdx/graphics/g2d/ParticleEmitter.java	colors
METHOD	com.badlogic.gdx.graphics.g2d.ParticleEmitter$GradientColorValue	load(com.badlogic.gdx.graphics.g2d.ParticleEmitter.GradientColorValue)	null	null	/Users/nima/Developer/NullAwayFixer/Projects/libgdx/gdx/src/com/badlogic/gdx/graphics/g2d/ParticleEmitter.java	timeline
METHOD	com.badlogic.gdx.graphics.g2d.ParticleEmitter$SpawnShapeValue	setShape(com.badlogic.gdx.graphics.g2d.ParticleEmitter.SpawnShape)	null	null	/Users/nima/Developer/NullAwayFixer/Projects/libgdx/gdx/src/com/badlogic/gdx/graphics/g2d/ParticleEmitter.java	shape
METHOD	com.badlogic.gdx.graphics.g2d.ParticleEmitter$SpawnShapeValue	setSide(com.badlogic.gdx.graphics.g2d.ParticleEmitter.SpawnEllipseSide)	null	null	/Users/nima/Developer/NullAwayFixer/Projects/libgdx/gdx/src/com/badlogic/gdx/graphics/g2d/ParticleEmitter.java	side
METHOD	com.badlogic.gdx.graphics.g2d.ParticleEmitter$SpawnShapeValue	load(com.badlogic.gdx.graphics.g2d.ParticleEmitter.SpawnShapeValue)	null	null	/Users/nima/Developer/NullAwayFixer/Projects/libgdx/gdx/src/com/badlogic/gdx/graphics/g2d/ParticleEmitter.java	shape
METHOD	com.badlogic.gdx.graphics.g2d.ParticleEmitter$SpawnShapeValue	load(com.badlogic.gdx.graphics.g2d.ParticleEmitter.SpawnShapeValue)	null	null	/Users/nima/Developer/NullAwayFixer/Projects/libgdx/gdx/src/com/badlogic/gdx/graphics/g2d/ParticleEmitter.java	side
METHOD	com.badlogic.gdx.scenes.scene2d.ui.Slider	setVisualInterpolationInverse(com.badlogic.gdx.math.Interpolation)	null	null	/Users/nima/Developer/NullAwayFixer/Projects/libgdx/gdx/src/com/badlogic/gdx/scenes/scene2d/ui/Slider.java	visualInterpolationInverse
METHOD	com.badlogic.gdx.scenes.scene2d.ui.ProgressBar	setAnimateInterpolation(com.badlogic.gdx.math.Interpolation)	null	null	/Users/nima/Developer/NullAwayFixer/Projects/libgdx/gdx/src/com/badlogic/gdx/scenes/scene2d/ui/ProgressBar.java	animateInterpolation
METHOD	com.badlogic.gdx.scenes.scene2d.ui.ProgressBar	setVisualInterpolation(com.badlogic.gdx.math.Interpolation)	null	null	/Users/nima/Developer/NullAwayFixer/Projects/libgdx/gdx/src/com/badlogic/gdx/scenes/scene2d/ui/ProgressBar.java	visualInterpolation
METHOD	com.badlogic.gdx.scenes.scene2d.utils.DragListener	touchDown(com.badlogic.gdx.scenes.scene2d.InputEvent,float,float,int,int)	null	null	/Users/nima/Developer/NullAwayFixer/Projects/libgdx/gdx/src/com/badlogic/gdx/scenes/scene2d/utils/DragListener.java	pressedPointer
METHOD	com.badlogic.gdx.utils.QuickSelect	select(T[],java.util.Comparator<T>,int,int)	null	null	/Users/nima/Developer/NullAwayFixer/Projects/libgdx/gdx/src/com/badlogic/gdx/utils/QuickSelect.java	array
METHOD	com.badlogic.gdx.utils.QuickSelect	select(T[],java.util.Comparator<T>,int,int)	null	null	/Users/nima/Developer/NullAwayFixer/Projects/libgdx/gdx/src/com/badlogic/gdx/utils/QuickSelect.java	comp
METHOD	com.badlogic.gdx.utils.TimSort	ensureCapacity(int)	null	null	/Users/nima/Developer/NullAwayFixer/Projects/libgdx/gdx/src/com/badlogic/gdx/utils/TimSort.java	tmp
METHOD	com.badlogic.gdx.utils.ComparableTimSort	ensureCapacity(int)	null	null	/Users/nima/Developer/NullAwayFixer/Projects/libgdx/gdx/src/com/badlogic/gdx/utils/ComparableTimSort.java	tmp
METHOD	com.badlogic.gdx.utils.I18NBundle	setLocale(java.util.Locale)	null	null	/Users/nima/Developer/NullAwayFixer/Projects/libgdx/gdx/src/com/badlogic/gdx/utils/I18NBundle.java	locale
METHOD	com.badlogic.gdx.utils.I18NBundle	setLocale(java.util.Locale)	null	null	/Users/nima/Developer/NullAwayFixer/Projects/libgdx/gdx/src/com/badlogic/gdx/utils/I18NBundle.java	formatter
METHOD	com.badlogic.gdx.utils.BooleanArray	insertRange(int,int)	null	null	/Users/nima/Developer/NullAwayFixer/Projects/libgdx/gdx/src/com/badlogic/gdx/utils/BooleanArray.java	items
METHOD	com.badlogic.gdx.utils.BooleanArray	resize(int)	null	null	/Users/nima/Developer/NullAwayFixer/Projects/libgdx/gdx/src/com/badlogic/gdx/utils/BooleanArray.java	items
METHOD	com.badlogic.gdx.utils.viewport.ScalingViewport	setScaling(com.badlogic.gdx.utils.Scaling)	null	null	/Users/nima/Developer/NullAwayFixer/Projects/libgdx/gdx/src/com/badlogic/gdx/utils/viewport/ScalingViewport.java	scaling
METHOD	com.badlogic.gdx.utils.viewport.ExtendViewport	setScaling(com.badlogic.gdx.utils.Scaling)	null	null	/Users/nima/Developer/NullAwayFixer/Projects/libgdx/gdx/src/com/badlogic/gdx/utils/viewport/ExtendViewport.java	scaling
METHOD	com.badlogic.gdx.utils.QuadTreeFloat	reset()	null	null	/Users/nima/Developer/NullAwayFixer/Projects/libgdx/gdx/src/com/badlogic/gdx/utils/QuadTreeFloat.java	count
METHOD	com.badlogic.gdx.utils.QuadTreeFloat	reset()	null	null	/Users/nima/Developer/NullAwayFixer/Projects/libgdx/gdx/src/com/badlogic/gdx/utils/QuadTreeFloat.java	values
METHOD	com.badlogic.gdx.utils.ObjectFloatMap	clear()	null	null	/Users/nima/Developer/NullAwayFixer/Projects/libgdx/gdx/src/com/badlogic/gdx/utils/ObjectFloatMap.java	size
METHOD	com.badlogic.gdx.utils.ObjectFloatMap	resize(int)	null	null	/Users/nima/Developer/NullAwayFixer/Projects/libgdx/gdx/src/com/badlogic/gdx/utils/ObjectFloatMap.java	keyTable
METHOD	com.badlogic.gdx.utils.ObjectFloatMap	resize(int)	null	null	/Users/nima/Developer/NullAwayFixer/Projects/libgdx/gdx/src/com/badlogic/gdx/utils/ObjectFloatMap.java	valueTable
METHOD	com.badlogic.gdx.utils.ObjectFloatMap$MapIterator	remove()	null	null	/Users/nima/Developer/NullAwayFixer/Projects/libgdx/gdx/src/com/badlogic/gdx/utils/ObjectFloatMap.java	currentIndex
METHOD	com.badlogic.gdx.utils.ArrayMap	resize(int)	null	null	/Users/nima/Developer/NullAwayFixer/Projects/libgdx/gdx/src/com/badlogic/gdx/utils/ArrayMap.java	keys
METHOD	com.badlogic.gdx.utils.ArrayMap	resize(int)	null	null	/Users/nima/Developer/NullAwayFixer/Projects/libgdx/gdx/src/com/badlogic/gdx/utils/ArrayMap.java	values
METHOD	com.badlogic.gdx.utils.LongMap	clear()	null	null	/Users/nima/Developer/NullAwayFixer/Projects/libgdx/gdx/src/com/badlogic/gdx/utils/LongMap.java	size
METHOD	com.badlogic.gdx.utils.LongMap	resize(int)	null	null	/Users/nima/Developer/NullAwayFixer/Projects/libgdx/gdx/src/com/badlogic/gdx/utils/LongMap.java	keyTable
METHOD	com.badlogic.gdx.utils.LongMap	resize(int)	null	null	/Users/nima/Developer/NullAwayFixer/Projects/libgdx/gdx/src/com/badlogic/gdx/utils/LongMap.java	valueTable
METHOD	com.badlogic.gdx.utils.LongArray	insertRange(int,int)	null	null	/Users/nima/Developer/NullAwayFixer/Projects/libgdx/gdx/src/com/badlogic/gdx/utils/LongArray.java	items
METHOD	com.badlogic.gdx.utils.LongArray	resize(int)	null	null	/Users/nima/Developer/NullAwayFixer/Projects/libgdx/gdx/src/com/badlogic/gdx/utils/LongArray.java	items
METHOD	com.badlogic.gdx.utils.CharArray	insertRange(int,int)	null	null	/Users/nima/Developer/NullAwayFixer/Projects/libgdx/gdx/src/com/badlogic/gdx/utils/CharArray.java	items
METHOD	com.badlogic.gdx.utils.CharArray	resize(int)	null	null	/Users/nima/Developer/NullAwayFixer/Projects/libgdx/gdx/src/com/badlogic/gdx/utils/CharArray.java	items
METHOD	com.badlogic.gdx.utils.ObjectLongMap	clear()	null	null	/Users/nima/Developer/NullAwayFixer/Projects/libgdx/gdx/src/com/badlogic/gdx/utils/ObjectLongMap.java	size
METHOD	com.badlogic.gdx.utils.ObjectLongMap	resize(int)	null	null	/Users/nima/Developer/NullAwayFixer/Projects/libgdx/gdx/src/com/badlogic/gdx/utils/ObjectLongMap.java	keyTable
METHOD	com.badlogic.gdx.utils.ObjectLongMap	resize(int)	null	null	/Users/nima/Developer/NullAwayFixer/Projects/libgdx/gdx/src/com/badlogic/gdx/utils/ObjectLongMap.java	valueTable
METHOD	com.badlogic.gdx.utils.ObjectLongMap$MapIterator	remove()	null	null	/Users/nima/Developer/NullAwayFixer/Projects/libgdx/gdx/src/com/badlogic/gdx/utils/ObjectLongMap.java	currentIndex
METHOD	com.badlogic.gdx.utils.Queue	addLast(T)	null	null	/Users/nima/Developer/NullAwayFixer/Projects/libgdx/gdx/src/com/badlogic/gdx/utils/Queue.java	tail
METHOD	com.badlogic.gdx.utils.Queue	resize(int)	null	null	/Users/nima/Developer/NullAwayFixer/Projects/libgdx/gdx/src/com/badlogic/gdx/utils/Queue.java	values
METHOD	com.badlogic.gdx.utils.Queue	removeFirst()	null	null	/Users/nima/Developer/NullAwayFixer/Projects/libgdx/gdx/src/com/badlogic/gdx/utils/Queue.java	head
METHOD	com.badlogic.gdx.utils.Queue	clear()	null	null	/Users/nima/Developer/NullAwayFixer/Projects/libgdx/gdx/src/com/badlogic/gdx/utils/Queue.java	size
METHOD	com.badlogic.gdx.utils.IntIntMap	clear()	null	null	/Users/nima/Developer/NullAwayFixer/Projects/libgdx/gdx/src/com/badlogic/gdx/utils/IntIntMap.java	size
METHOD	com.badlogic.gdx.utils.IntIntMap	resize(int)	null	null	/Users/nima/Developer/NullAwayFixer/Projects/libgdx/gdx/src/com/badlogic/gdx/utils/IntIntMap.java	keyTable
METHOD	com.badlogic.gdx.utils.IntIntMap	resize(int)	null	null	/Users/nima/Developer/NullAwayFixer/Projects/libgdx/gdx/src/com/badlogic/gdx/utils/IntIntMap.java	valueTable
METHOD	com.badlogic.gdx.utils.ShortArray	insertRange(int,int)	null	null	/Users/nima/Developer/NullAwayFixer/Projects/libgdx/gdx/src/com/badlogic/gdx/utils/ShortArray.java	items
METHOD	com.badlogic.gdx.utils.ShortArray	resize(int)	null	null	/Users/nima/Developer/NullAwayFixer/Projects/libgdx/gdx/src/com/badlogic/gdx/utils/ShortArray.java	items
METHOD	com.badlogic.gdx.utils.IntFloatMap	clear()	null	null	/Users/nima/Developer/NullAwayFixer/Projects/libgdx/gdx/src/com/badlogic/gdx/utils/IntFloatMap.java	size
METHOD	com.badlogic.gdx.utils.IntFloatMap	resize(int)	null	null	/Users/nima/Developer/NullAwayFixer/Projects/libgdx/gdx/src/com/badlogic/gdx/utils/IntFloatMap.java	keyTable
METHOD	com.badlogic.gdx.utils.IntFloatMap	resize(int)	null	null	/Users/nima/Developer/NullAwayFixer/Projects/libgdx/gdx/src/com/badlogic/gdx/utils/IntFloatMap.java	valueTable
METHOD	com.badlogic.gdx.utils.LongQueue	addLast(long)	null	null	/Users/nima/Developer/NullAwayFixer/Projects/libgdx/gdx/src/com/badlogic/gdx/utils/LongQueue.java	tail
METHOD	com.badlogic.gdx.utils.LongQueue	resize(int)	null	null	/Users/nima/Developer/NullAwayFixer/Projects/libgdx/gdx/src/com/badlogic/gdx/utils/LongQueue.java	values
METHOD	com.badlogic.gdx.utils.LongQueue	removeFirst()	null	null	/Users/nima/Developer/NullAwayFixer/Projects/libgdx/gdx/src/com/badlogic/gdx/utils/LongQueue.java	head
METHOD	com.badlogic.gdx.utils.LongQueue	clear()	null	null	/Users/nima/Developer/NullAwayFixer/Projects/libgdx/gdx/src/com/badlogic/gdx/utils/LongQueue.java	size
METHOD	com.badlogic.gdx.utils.compression.lzma.Encoder	Create()	null	null	/Users/nima/Developer/NullAwayFixer/Projects/libgdx/gdx/src/com/badlogic/gdx/utils/compression/lzma/Encoder.java	_dictionarySizePrev
METHOD	com.badlogic.gdx.utils.compression.lzma.Encoder	GetOptimum(int)	null	null	/Users/nima/Developer/NullAwayFixer/Projects/libgdx/gdx/src/com/badlogic/gdx/utils/compression/lzma/Encoder.java	_optimumCurrentIndex
METHOD	com.badlogic.gdx.utils.compression.lzma.Encoder	GetOptimum(int)	null	null	/Users/nima/Developer/NullAwayFixer/Projects/libgdx/gdx/src/com/badlogic/gdx/utils/compression/lzma/Encoder.java	_optimumCurrentIndex
METHOD	com.badlogic.gdx.utils.compression.lzma.Encoder	GetOptimum(int)	null	null	/Users/nima/Developer/NullAwayFixer/Projects/libgdx/gdx/src/com/badlogic/gdx/utils/compression/lzma/Encoder.java	_optimumEndIndex
METHOD	com.badlogic.gdx.utils.BinaryHeap	add(T)	null	null	/Users/nima/Developer/NullAwayFixer/Projects/libgdx/gdx/src/com/badlogic/gdx/utils/BinaryHeap.java	nodes
METHOD	com.badlogic.gdx.utils.ByteArray	insertRange(int,int)	null	null	/Users/nima/Developer/NullAwayFixer/Projects/libgdx/gdx/src/com/badlogic/gdx/utils/ByteArray.java	items
METHOD	com.badlogic.gdx.utils.ByteArray	resize(int)	null	null	/Users/nima/Developer/NullAwayFixer/Projects/libgdx/gdx/src/com/badlogic/gdx/utils/ByteArray.java	items
METHOD	com.badlogic.gdx.utils.Bits	checkCapacity(int)	null	null	/Users/nima/Developer/NullAwayFixer/Projects/libgdx/gdx/src/com/badlogic/gdx/utils/Bits.java	bits
METHOD	com.badlogic.gdx.math.EarClippingTriangulator	computeTriangles(float[],int,int)	null	null	/Users/nima/Developer/NullAwayFixer/Projects/libgdx/gdx/src/com/badlogic/gdx/math/EarClippingTriangulator.java	vertices
METHOD	com.badlogic.gdx.math.EarClippingTriangulator	computeTriangles(float[],int,int)	null	null	/Users/nima/Developer/NullAwayFixer/Projects/libgdx/gdx/src/com/badlogic/gdx/math/EarClippingTriangulator.java	indices
METHOD	com.badlogic.gdx.graphics.glutils.VertexBufferObjectWithVAO	deleteVAO()	null	null	/Users/nima/Developer/NullAwayFixer/Projects/libgdx/gdx/src/com/badlogic/gdx/graphics/glutils/VertexBufferObjectWithVAO.java	vaoHandle
METHOD	com.badlogic.gdx.graphics.glutils.ImmediateModeRenderer20	setShader(com.badlogic.gdx.graphics.glutils.ShaderProgram)	null	null	/Users/nima/Developer/NullAwayFixer/Projects/libgdx/gdx/src/com/badlogic/gdx/graphics/glutils/ImmediateModeRenderer20.java	shader
METHOD	com.badlogic.gdx.graphics.glutils.ImmediateModeRenderer20	flush()	null	null	/Users/nima/Developer/NullAwayFixer/Projects/libgdx/gdx/src/com/badlogic/gdx/graphics/glutils/ImmediateModeRenderer20.java	numVertices
METHOD	com.badlogic.gdx.graphics.glutils.KTXTextureData	prepare()	null	null	/Users/nima/Developer/NullAwayFixer/Projects/libgdx/gdx/src/com/badlogic/gdx/graphics/glutils/KTXTextureData.java	numberOfMipmapLevels
METHOD	com.badlogic.gdx.graphics.glutils.KTXTextureData	prepare()	null	null	/Users/nima/Developer/NullAwayFixer/Projects/libgdx/gdx/src/com/badlogic/gdx/graphics/glutils/KTXTextureData.java	numberOfMipmapLevels
METHOD	com.badlogic.gdx.graphics.g2d.PixmapPacker	setPageFormat(com.badlogic.gdx.graphics.Pixmap.Format)	null	null	/Users/nima/Developer/NullAwayFixer/Projects/libgdx/gdx/src/com/badlogic/gdx/graphics/g2d/PixmapPacker.java	pageFormat
METHOD	com.badlogic.gdx.graphics.g2d.Animation	getKeyFrame(float,boolean)	null	null	/Users/nima/Developer/NullAwayFixer/Projects/libgdx/gdx/src/com/badlogic/gdx/graphics/g2d/Animation.java	playMode
METHOD	com.badlogic.gdx.graphics.g2d.Animation	getKeyFrame(float,boolean)	null	null	/Users/nima/Developer/NullAwayFixer/Projects/libgdx/gdx/src/com/badlogic/gdx/graphics/g2d/Animation.java	playMode
METHOD	com.badlogic.gdx.graphics.g2d.Animation	getKeyFrame(float,boolean)	null	null	/Users/nima/Developer/NullAwayFixer/Projects/libgdx/gdx/src/com/badlogic/gdx/graphics/g2d/Animation.java	playMode
METHOD	com.badlogic.gdx.graphics.g2d.Animation	getKeyFrame(float,boolean)	null	null	/Users/nima/Developer/NullAwayFixer/Projects/libgdx/gdx/src/com/badlogic/gdx/graphics/g2d/Animation.java	playMode
METHOD	com.badlogic.gdx.graphics.g2d.Animation	getKeyFrame(float,boolean)	null	null	/Users/nima/Developer/NullAwayFixer/Projects/libgdx/gdx/src/com/badlogic/gdx/graphics/g2d/Animation.java	playMode
METHOD	com.badlogic.gdx.graphics.g2d.Animation	setPlayMode(com.badlogic.gdx.graphics.g2d.Animation.PlayMode)	null	null	/Users/nima/Developer/NullAwayFixer/Projects/libgdx/gdx/src/com/badlogic/gdx/graphics/g2d/Animation.java	playMode
METHOD	com.badlogic.gdx.graphics.g2d.RepeatablePolygonSprite	setColor(com.badlogic.gdx.graphics.Color)	null	null	/Users/nima/Developer/NullAwayFixer/Projects/libgdx/gdx/src/com/badlogic/gdx/graphics/g2d/RepeatablePolygonSprite.java	color
METHOD	com.badlogic.gdx.graphics.g2d.PolygonSpriteBatch	flush()	null	null	/Users/nima/Developer/NullAwayFixer/Projects/libgdx/gdx/src/com/badlogic/gdx/graphics/g2d/PolygonSpriteBatch.java	vertexIndex
METHOD	com.badlogic.gdx.graphics.g2d.PolygonSpriteBatch	setBlendFunctionSeparate(int,int,int,int)	null	null	/Users/nima/Developer/NullAwayFixer/Projects/libgdx/gdx/src/com/badlogic/gdx/graphics/g2d/PolygonSpriteBatch.java	blendSrcFunc
METHOD	com.badlogic.gdx.graphics.TextureArray	load(com.badlogic.gdx.graphics.TextureArrayData)	null	null	/Users/nima/Developer/NullAwayFixer/Projects/libgdx/gdx/src/com/badlogic/gdx/graphics/TextureArray.java	data
METHOD	com.badlogic.gdx.graphics.profiling.GLProfiler	setListener(com.badlogic.gdx.graphics.profiling.GLErrorListener)	null	null	/Users/nima/Developer/NullAwayFixer/Projects/libgdx/gdx/src/com/badlogic/gdx/graphics/profiling/GLProfiler.java	listener
METHOD	com.badlogic.gdx.graphics.g3d.utils.RenderContext	setDepthMask(boolean)	null	null	/Users/nima/Developer/NullAwayFixer/Projects/libgdx/gdx/src/com/badlogic/gdx/graphics/g3d/utils/RenderContext.java	depthMask
METHOD	com.badlogic.gdx.graphics.g3d.utils.RenderContext	setDepthTest(int,float,float)	null	null	/Users/nima/Developer/NullAwayFixer/Projects/libgdx/gdx/src/com/badlogic/gdx/graphics/g3d/utils/RenderContext.java	depthFunc
METHOD	com.badlogic.gdx.graphics.g3d.utils.RenderContext	setDepthTest(int,float,float)	null	null	/Users/nima/Developer/NullAwayFixer/Projects/libgdx/gdx/src/com/badlogic/gdx/graphics/g3d/utils/RenderContext.java	depthFunc
METHOD	com.badlogic.gdx.graphics.g3d.utils.RenderContext	setBlending(boolean,int,int)	null	null	/Users/nima/Developer/NullAwayFixer/Projects/libgdx/gdx/src/com/badlogic/gdx/graphics/g3d/utils/RenderContext.java	blending
METHOD	com.badlogic.gdx.graphics.g3d.utils.RenderContext	setCullFace(int)	null	null	/Users/nima/Developer/NullAwayFixer/Projects/libgdx/gdx/src/com/badlogic/gdx/graphics/g3d/utils/RenderContext.java	cullFace
METHOD	com.badlogic.gdx.graphics.g3d.utils.MeshBuilder	begin(com.badlogic.gdx.graphics.VertexAttributes,int)	null	null	/Users/nima/Developer/NullAwayFixer/Projects/libgdx/gdx/src/com/badlogic/gdx/graphics/g3d/utils/MeshBuilder.java	vertex
METHOD	com.badlogic.gdx.graphics.g3d.utils.CameraInputController	touchUp(int,int,int,int)	null	null	/Users/nima/Developer/NullAwayFixer/Projects/libgdx/gdx/src/com/badlogic/gdx/graphics/g3d/utils/CameraInputController.java	button
METHOD	com.badlogic.gdx.graphics.g3d.utils.CameraInputController	setInvertedControls(boolean)	null	null	/Users/nima/Developer/NullAwayFixer/Projects/libgdx/gdx/src/com/badlogic/gdx/graphics/g3d/utils/CameraInputController.java	controlsInverted
METHOD	com.badlogic.gdx.graphics.g3d.particles.ParallelArray$FloatChannel	setCapacity(int)	null	null	/Users/nima/Developer/NullAwayFixer/Projects/libgdx/gdx/src/com/badlogic/gdx/graphics/g3d/particles/ParallelArray.java	data
METHOD	com.badlogic.gdx.graphics.g3d.particles.ParallelArray$IntChannel	setCapacity(int)	null	null	/Users/nima/Developer/NullAwayFixer/Projects/libgdx/gdx/src/com/badlogic/gdx/graphics/g3d/particles/ParallelArray.java	data
METHOD	com.badlogic.gdx.graphics.g3d.particles.ParallelArray$ObjectChannel	setCapacity(int)	null	null	/Users/nima/Developer/NullAwayFixer/Projects/libgdx/gdx/src/com/badlogic/gdx/graphics/g3d/particles/ParallelArray.java	data
METHOD	com.badlogic.gdx.graphics.g3d.particles.ParallelArray	setCapacity(int)	null	null	/Users/nima/Developer/NullAwayFixer/Projects/libgdx/gdx/src/com/badlogic/gdx/graphics/g3d/particles/ParallelArray.java	capacity
METHOD	com.badlogic.gdx.graphics.g3d.particles.batches.PointSpriteParticleBatch	allocRenderable()	null	null	/Users/nima/Developer/NullAwayFixer/Projects/libgdx/gdx/src/com/badlogic/gdx/graphics/g3d/particles/batches/PointSpriteParticleBatch.java	renderable
METHOD	com.badlogic.gdx.graphics.g3d.particles.batches.BufferedParticleBatch	setSorter(com.badlogic.gdx.graphics.g3d.particles.ParticleSorter)	null	null	/Users/nima/Developer/NullAwayFixer/Projects/libgdx/gdx/src/com/badlogic/gdx/graphics/g3d/particles/batches/BufferedParticleBatch.java	sorter
METHOD	com.badlogic.gdx.graphics.g3d.particles.batches.BillboardParticleBatch	allocIndices()	null	null	/Users/nima/Developer/NullAwayFixer/Projects/libgdx/gdx/src/com/badlogic/gdx/graphics/g3d/particles/batches/BillboardParticleBatch.java	indices
METHOD	com.badlogic.gdx.graphics.g3d.particles.batches.BillboardParticleBatch	setUseGpu(boolean)	null	null	/Users/nima/Developer/NullAwayFixer/Projects/libgdx/gdx/src/com/badlogic/gdx/graphics/g3d/particles/batches/BillboardParticleBatch.java	useGPU
METHOD	com.badlogic.gdx.graphics.g3d.particles.emitters.RegularEmitter	setEmissionMode(com.badlogic.gdx.graphics.g3d.particles.emitters.RegularEmitter.EmissionMode)	null	null	/Users/nima/Developer/NullAwayFixer/Projects/libgdx/gdx/src/com/badlogic/gdx/graphics/g3d/particles/emitters/RegularEmitter.java	emissionMode
METHOD	com.badlogic.gdx.graphics.g3d.decals.Decal	setMaterial(com.badlogic.gdx.graphics.g3d.decals.DecalMaterial)	null	null	/Users/nima/Developer/NullAwayFixer/Projects/libgdx/gdx/src/com/badlogic/gdx/graphics/g3d/decals/Decal.java	material
METHOD	com.badlogic.gdx.graphics.g3d.decals.CameraGroupStrategy	setCamera(com.badlogic.gdx.graphics.Camera)	null	null	/Users/nima/Developer/NullAwayFixer/Projects/libgdx/gdx/src/com/badlogic/gdx/graphics/g3d/decals/CameraGroupStrategy.java	camera
METHOD	com.badlogic.gdx.graphics.g3d.decals.CameraGroupStrategy	createDefaultShader()	null	null	/Users/nima/Developer/NullAwayFixer/Projects/libgdx/gdx/src/com/badlogic/gdx/graphics/g3d/decals/CameraGroupStrategy.java	shader
METHOD	com.badlogic.gdx.assets.loaders.resolvers.PrefixFileHandleResolver	setBaseResolver(com.badlogic.gdx.assets.loaders.FileHandleResolver)	null	null	/Users/nima/Developer/NullAwayFixer/Projects/libgdx/gdx/src/com/badlogic/gdx/assets/loaders/resolvers/PrefixFileHandleResolver.java	baseResolver
METHOD	com.badlogic.gdx.assets.loaders.resolvers.PrefixFileHandleResolver	setPrefix(java.lang.String)	null	null	/Users/nima/Developer/NullAwayFixer/Projects/libgdx/gdx/src/com/badlogic/gdx/assets/loaders/resolvers/PrefixFileHandleResolver.java	prefix
